<?xml version="1.0" encoding="UTF-8"?>
<project-private xmlns="http://www.netbeans.org/ns/project-private/1">
    <editor-bookmarks xmlns="http://www.netbeans.org/ns/editor-bookmarks/2" lastBookmarkId="0"/>
    <open-files xmlns="http://www.netbeans.org/ns/projectui-open-files/2">
        <group>
            <file>file:/E:/RoomBooking%20(2)/RoomBooking%20(2)/RoomBooking%20(2)/RoomBooking/RoomBooking/src/home.java</file>
            <file>file:/E:/RoomBooking%20(2)/RoomBooking%20(2)/RoomBooking%20(2)/RoomBooking/RoomBooking/src/Project/Select.java</file>
            <file>file:/E:/RoomBooking%20(2)/RoomBooking%20(2)/RoomBooking%20(2)/RoomBooking/RoomBooking/src/manageRoom.java</file>
            <file>file:/E:/RoomBooking%20(2)/RoomBooking%20(2)/RoomBooking%20(2)/RoomBooking/RoomBooking/src/roombooking/RoomBooking.java</file>
            <file>file:/E:/RoomBooking%20(2)/RoomBooking%20(2)/RoomBooking%20(2)/RoomBooking/RoomBooking/src/CustomerCheckIn.java</file>
            <file>file:/E:/RoomBooking%20(2)/RoomBooking%20(2)/RoomBooking%20(2)/RoomBooking/RoomBooking/src/Project/InsertUpdateDelete.java</file>
            <file>file:/E:/RoomBooking%20(2)/RoomBooking%20(2)/RoomBooking%20(2)/RoomBooking/RoomBooking/src/CustomerDetailsBill.java</file>
            <file>file:/E:/RoomBooking%20(2)/RoomBooking%20(2)/RoomBooking%20(2)/RoomBooking/RoomBooking/src/adminHome.java</file>
            <file>file:/E:/RoomBooking%20(2)/RoomBooking%20(2)/RoomBooking%20(2)/RoomBooking/RoomBooking/src/forgotPassword.java</file>
            <file>file:/E:/RoomBooking%20(2)/RoomBooking%20(2)/RoomBooking%20(2)/RoomBooking/RoomBooking/src/CustomerCheckOut.java</file>
            <file>file:/E:/RoomBooking%20(2)/RoomBooking%20(2)/RoomBooking%20(2)/RoomBooking/RoomBooking/src/SignUp.java</file>
            <file>file:/E:/RoomBooking%20(2)/RoomBooking%20(2)/RoomBooking%20(2)/RoomBooking/RoomBooking/src/login.java</file>
        </group>
    </open-files>
</project-private>
